{
    "type": "for",
    "name": "loopFor",
    "description": null,
    "path": "loopFor",
    "index": 2,
    "previous": [],
    "next": [],
    "inputFiles": [],
    "outputFiles": [],
    "state": "not-started",
    "pos": {
        "x": 428,
        "y": 277
    },
    "parent": "sampleWorkflow",
    "nodes": [
        {
            "type": "task",
            "name": "loopCalcTask",
            "description": null,
            "path": "loopCalcTask",
            "index": 0,
            "previous": [],
            "next": [],
            "inputFiles": [],
            "outputFiles": [],
            "state": "not-started",
            "pos": {
                "x": 886,
                "y": 309
            },
            "parent": "sampleWorkflow/loopFor",
            "script": "loopCalc.bat",
            "host": "localhost",
            "useJobScheduler": false,
            "queue": null,
            "cleanupFlag": 1,
            "include": null,
            "exclude": null
        }
    ],
    "jsonFile": "define.fr.json",
    "cleanupFlag": 2,
    "start": 1,
    "end": 5,
    "step": 1
}