{
    "type": "workflow",
    "name": "WorkflowSampleProject_2",
    "description": null,
    "path": "./",
    "index": null,
    "previous": [],
    "next": [],
    "inputFiles": [],
    "outputFiles": [],
    "state": "not-started",
    "pos": {
        "x": 0,
        "y": 0
    },
    "nodes": [
        {
            "type": "workflow",
            "name": "sampleWorkflow",
            "description": null,
            "path": "sampleWorkflow",
            "index": 0,
            "previous": [],
            "next": [],
            "inputFiles": [],
            "outputFiles": [],
            "state": "not-started",
            "pos": {
                "x": 469,
                "y": 195
            },
            "parent": "",
            "nodes": [
                {
                    "type": "task",
                    "name": "calcTask",
                    "description": null,
                    "path": "calcTask",
                    "index": 0,
                    "previous": [],
                    "next": [
                        1
                    ],
                    "inputFiles": [],
                    "outputFiles": [],
                    "state": "not-started",
                    "pos": {
                        "x": 292,
                        "y": 81
                    },
                    "parent": "sampleWorkflow",
                    "script": "calc.bat",
                    "host": "localhost",
                    "useJobScheduler": false,
                    "queue": null,
                    "cleanupFlag": 1,
                    "include": null,
                    "exclude": null
                },
                {
                    "type": "task",
                    "name": "moveFileTaskToFor",
                    "description": null,
                    "path": "moveFileTaskToFor",
                    "index": 1,
                    "previous": [
                        0
                    ],
                    "next": [
                        2
                    ],
                    "inputFiles": [],
                    "outputFiles": [],
                    "state": "not-started",
                    "pos": {
                        "x": 294,
                        "y": 211
                    },
                    "parent": "sampleWorkflow",
                    "script": "movefileTtoF.bat",
                    "host": "localhost",
                    "useJobScheduler": false,
                    "queue": null,
                    "cleanupFlag": 1,
                    "include": null,
                    "exclude": null
                },
                {
                    "type": "for",
                    "name": "loopFor",
                    "description": null,
                    "path": "loopFor",
                    "index": 2,
                    "previous": [
                        1
                    ],
                    "next": [
                        3
                    ],
                    "inputFiles": [],
                    "outputFiles": [],
                    "state": "not-started",
                    "pos": {
                        "x": 733,
                        "y": 270
                    },
                    "parent": "sampleWorkflow",
                    "nodes": [
                        {
                            "type": "task",
                            "name": "loopCalcTask",
                            "description": null,
                            "path": "loopCalcTask",
                            "index": 0,
                            "previous": [],
                            "next": [],
                            "inputFiles": [],
                            "outputFiles": [],
                            "state": "not-started",
                            "pos": {
                                "x": 886,
                                "y": 309
                            },
                            "parent": "sampleWorkflow/loopFor",
                            "script": "loopCalc.bat",
                            "host": "localhost",
                            "useJobScheduler": false,
                            "queue": null,
                            "cleanupFlag": 1,
                            "include": null,
                            "exclude": null
                        }
                    ],
                    "jsonFile": "define.fr.json",
                    "cleanupFlag": 2,
                    "start": 1,
                    "end": 5,
                    "step": 1
                },
                {
                    "type": "task",
                    "name": "moveFileForToTask",
                    "description": null,
                    "path": "moveFileForToTask",
                    "index": 3,
                    "previous": [
                        2
                    ],
                    "next": [
                        4
                    ],
                    "inputFiles": [],
                    "outputFiles": [],
                    "state": "not-started",
                    "pos": {
                        "x": 1106,
                        "y": 357
                    },
                    "parent": "sampleWorkflow",
                    "script": "movefileFtoT.bat",
                    "host": "localhost",
                    "useJobScheduler": false,
                    "queue": null,
                    "cleanupFlag": 1,
                    "include": null,
                    "exclude": null
                },
                {
                    "type": "if",
                    "name": "judgeIf",
                    "description": null,
                    "path": "judgeIf",
                    "index": 4,
                    "previous": [
                        3
                    ],
                    "next": [
                        6
                    ],
                    "inputFiles": [],
                    "outputFiles": [],
                    "state": "not-started",
                    "pos": {
                        "x": 1107,
                        "y": 495
                    },
                    "condition": "condition.bat",
                    "else": [
                        5
                    ]
                },
                {
                    "type": "task",
                    "name": "falseTask",
                    "description": null,
                    "path": "falseTask",
                    "index": 5,
                    "previous": [
                        4
                    ],
                    "next": [],
                    "inputFiles": [],
                    "outputFiles": [],
                    "state": "not-started",
                    "pos": {
                        "x": 942,
                        "y": 640
                    },
                    "parent": "sampleWorkflow",
                    "script": "echofalse.bat",
                    "host": "localhost",
                    "useJobScheduler": false,
                    "queue": null,
                    "cleanupFlag": 1,
                    "include": null,
                    "exclude": null
                },
                {
                    "type": "task",
                    "name": "trueTask",
                    "description": null,
                    "path": "trueTask",
                    "index": 6,
                    "previous": [
                        4
                    ],
                    "next": [],
                    "inputFiles": [],
                    "outputFiles": [],
                    "state": "not-started",
                    "pos": {
                        "x": 1246,
                        "y": 643
                    },
                    "parent": "sampleWorkflow",
                    "script": "echotrue.bat",
                    "host": "localhost",
                    "useJobScheduler": false,
                    "queue": null,
                    "cleanupFlag": 1,
                    "include": null,
                    "exclude": null
                }
            ],
            "jsonFile": "define.wf.json",
            "cleanupFlag": 2
        }
    ],
    "jsonFile": "./define.wf.json",
    "cleanupFlag": 0
}