{
    "type": "workflow",
    "name": "sampleWorkflow",
    "description": null,
    "path": "sampleWorkflow",
    "index": 0,
    "previous": [],
    "next": [],
    "inputFiles": [],
    "outputFiles": [],
    "state": "not-started",
    "pos": {
        "x": 469,
        "y": 195
    },
    "parent": "",
    "nodes": [
        {
            "type": "task",
            "name": "calcTask",
            "description": "",
            "path": "calcTask",
            "index": 0,
            "previous": [],
            "next": [
                1
            ],
            "inputFiles": [],
            "outputFiles": [],
            "state": "not-started",
            "pos": {
                "x": 104,
                "y": 83
            },
            "parent": "sampleWorkflow",
            "script": "calc.bat",
            "host": "localhost",
            "useJobScheduler": false,
            "queue": null,
            "cleanupFlag": 1,
            "include": null,
            "exclude": null
        },
        {
            "type": "task",
            "name": "moveFileTaskToFor",
            "description": null,
            "path": "moveFileTaskToFor",
            "index": 1,
            "previous": [
                0
            ],
            "next": [
                2
            ],
            "inputFiles": [],
            "outputFiles": [],
            "state": "not-started",
            "pos": {
                "x": 104,
                "y": 212
            },
            "parent": "sampleWorkflow",
            "script": "movefileTtoF.bat",
            "host": "localhost",
            "useJobScheduler": false,
            "queue": null,
            "cleanupFlag": 1,
            "include": null,
            "exclude": null
        },
        {
            "type": "for",
            "name": "loopFor",
            "description": null,
            "path": "loopFor",
            "index": 2,
            "previous": [
                1
            ],
            "next": [
                3
            ],
            "inputFiles": [],
            "outputFiles": [],
            "state": "not-started",
            "pos": {
                "x": 428,
                "y": 277
            },
            "parent": "sampleWorkflow",
            "nodes": [
                {
                    "type": "task",
                    "name": "loopCalcTask",
                    "description": null,
                    "path": "loopCalcTask",
                    "index": 0,
                    "previous": [],
                    "next": [],
                    "inputFiles": [],
                    "outputFiles": [],
                    "state": "not-started",
                    "pos": {
                        "x": 886,
                        "y": 309
                    },
                    "parent": "sampleWorkflow/loopFor",
                    "script": "loopCalc.bat",
                    "host": "localhost",
                    "useJobScheduler": false,
                    "queue": null,
                    "cleanupFlag": 1,
                    "include": null,
                    "exclude": null
                }
            ],
            "jsonFile": "define.fr.json",
            "cleanupFlag": 2,
            "start": 1,
            "end": 5,
            "step": 1
        },
        {
            "type": "task",
            "name": "moveFileForToTask",
            "description": null,
            "path": "moveFileForToTask",
            "index": 3,
            "previous": [
                2
            ],
            "next": [
                4
            ],
            "inputFiles": [],
            "outputFiles": [],
            "state": "not-started",
            "pos": {
                "x": 823,
                "y": 370
            },
            "parent": "sampleWorkflow",
            "script": "movefileFtoT.bat",
            "host": "localhost",
            "useJobScheduler": false,
            "queue": null,
            "cleanupFlag": 1,
            "include": null,
            "exclude": null
        },
        {
            "type": "if",
            "name": "judgeIf",
            "description": null,
            "path": "judgeIf",
            "index": 4,
            "previous": [
                3
            ],
            "next": [
                6
            ],
            "inputFiles": [],
            "outputFiles": [],
            "state": "not-started",
            "pos": {
                "x": 823,
                "y": 494
            },
            "condition": "condition.bat",
            "else": [
                5
            ]
        },
        {
            "type": "task",
            "name": "falseTask",
            "description": null,
            "path": "falseTask",
            "index": 5,
            "previous": [
                4
            ],
            "next": [],
            "inputFiles": [],
            "outputFiles": [],
            "state": "not-started",
            "pos": {
                "x": 672,
                "y": 639
            },
            "parent": "sampleWorkflow",
            "script": "echofalse.bat",
            "host": "localhost",
            "useJobScheduler": false,
            "queue": null,
            "cleanupFlag": 1,
            "include": null,
            "exclude": null
        },
        {
            "type": "task",
            "name": "trueTask",
            "description": null,
            "path": "trueTask",
            "index": 6,
            "previous": [
                4
            ],
            "next": [],
            "inputFiles": [],
            "outputFiles": [],
            "state": "not-started",
            "pos": {
                "x": 988,
                "y": 638
            },
            "parent": "sampleWorkflow",
            "script": "echotrue.bat",
            "host": "localhost",
            "useJobScheduler": false,
            "queue": null,
            "cleanupFlag": 1,
            "include": null,
            "exclude": null
        }
    ],
    "jsonFile": "define.wf.json",
    "cleanupFlag": 2
}