{
    "type": "workflow",
    "name": "WorkflowSampleProject_1",
    "description": null,
    "path": "./",
    "index": null,
    "previous": [],
    "next": [],
    "inputFiles": [],
    "outputFiles": [],
    "state": "not-started",
    "pos": {
        "x": 0,
        "y": 0
    },
    "nodes": [
        {
            "type": "task",
            "name": "calcTask",
            "description": "",
            "path": "calcTask",
            "index": 0,
            "previous": [],
            "next": [
                5
            ],
            "inputFiles": [],
            "outputFiles": [],
            "state": "not-started",
            "pos": {
                "x": 121,
                "y": 33
            },
            "parent": "",
            "script": "calc.bat",
            "host": "localhost",
            "useJobScheduler": false,
            "queue": null,
            "cleanupFlag": 1,
            "include": null,
            "exclude": null
        },
        {
            "type": "for",
            "name": "loopFor",
            "description": null,
            "path": "loopFor",
            "index": 1,
            "previous": [
                5
            ],
            "next": [
                6
            ],
            "inputFiles": [],
            "outputFiles": [],
            "state": "not-started",
            "pos": {
                "x": 464,
                "y": 216
            },
            "parent": "",
            "nodes": [
                null,
                {
                    "type": "task",
                    "name": "loopCalcTask",
                    "description": null,
                    "path": "loopCalcTask",
                    "index": 1,
                    "previous": [],
                    "next": [],
                    "inputFiles": [],
                    "outputFiles": [],
                    "state": "not-started",
                    "pos": {
                        "x": 560,
                        "y": 293
                    },
                    "parent": "loopFor",
                    "script": "loopCalc.bat",
                    "host": "localhost",
                    "useJobScheduler": false,
                    "queue": null,
                    "cleanupFlag": 1,
                    "include": null,
                    "exclude": null
                }
            ],
            "jsonFile": "define.fr.json",
            "cleanupFlag": 2,
            "start": 1,
            "end": 5,
            "step": 1
        },
        {
            "type": "if",
            "name": "judgeIf",
            "description": null,
            "path": "judgeIf",
            "index": 2,
            "previous": [
                6
            ],
            "next": [
                4
            ],
            "inputFiles": [],
            "outputFiles": [],
            "state": "not-started",
            "pos": {
                "x": 765,
                "y": 554
            },
            "condition": "condition.bat",
            "else": [
                3
            ]
        },
        {
            "type": "task",
            "name": "falseTask",
            "description": null,
            "path": "falseTask",
            "index": 3,
            "previous": [
                2
            ],
            "next": [],
            "inputFiles": [],
            "outputFiles": [],
            "state": "not-started",
            "pos": {
                "x": 598,
                "y": 716
            },
            "parent": "",
            "script": "echofalse.bat",
            "host": "localhost",
            "useJobScheduler": false,
            "queue": null,
            "cleanupFlag": 1,
            "include": null,
            "exclude": null
        },
        {
            "type": "task",
            "name": "trueTask",
            "description": null,
            "path": "trueTask",
            "index": 4,
            "previous": [
                2
            ],
            "next": [],
            "inputFiles": [],
            "outputFiles": [],
            "state": "not-started",
            "pos": {
                "x": 939,
                "y": 717
            },
            "parent": "",
            "script": "echotrue.bat",
            "host": "localhost",
            "useJobScheduler": false,
            "queue": null,
            "cleanupFlag": 1,
            "include": null,
            "exclude": null
        },
        {
            "type": "task",
            "name": "moveFileTaskToFor",
            "description": null,
            "path": "moveFileTaskToFor",
            "index": 5,
            "previous": [
                0
            ],
            "next": [
                1
            ],
            "inputFiles": [],
            "outputFiles": [],
            "state": "not-started",
            "pos": {
                "x": 121,
                "y": 118
            },
            "parent": "",
            "script": "movefileTtoF.bat",
            "host": "localhost",
            "useJobScheduler": false,
            "queue": null,
            "cleanupFlag": 1,
            "include": null,
            "exclude": null
        },
        {
            "type": "task",
            "name": "moveFileForToTask",
            "description": null,
            "path": "moveFileForToTask",
            "index": 6,
            "previous": [
                1
            ],
            "next": [
                2
            ],
            "inputFiles": [],
            "outputFiles": [],
            "state": "not-started",
            "pos": {
                "x": 764,
                "y": 470
            },
            "parent": "",
            "script": "movefileFtoT.bat",
            "host": "localhost",
            "useJobScheduler": false,
            "queue": null,
            "cleanupFlag": 1,
            "include": null,
            "exclude": null
        }
    ],
    "jsonFile": "./define.wf.json",
    "cleanupFlag": 0
}